CompoundName,SeverityClass,LabelSection,vDILI-Concern
Abacavir sulfate,8,Warnings & precautions,vMost-DILI-concern
Abaloparatide,0,No match,vNo-DILI-concern
Abatacept,0,No match,vLess-DILI-concern
Abciximab,0,No match,vNo-DILI-concern
Abemaciclib,3,Warnings & precautions,vLess-DILI-concern
Abiraterone acetate,8,Warnings & precautions,vMost-DILI-concern
Acalabrutinib,4,Adverse reactions,Ambiguous-DILI-concern
Acamprosate calcium,3,Adverse reactions,vLess-DILI-concern
Acarbose,8,Warnings & precautions,vMost-DILI-concern
Acebutolol hydrochloride,3,Adverse reactions,vLess-DILI-concern
Aceclofenac,0,No match,vLess-DILI-concern
Acetaminophen,5,Warnings & precautions,vMost-DILI-concern
Acetazolamide,8,Warnings & precautions,vMost-DILI-concern
Acetohydroxamic acid,3,Warnings & precautions,Ambiguous-DILI-concern
Acetylcholine chloride,0,No match,vNo-DILI-concern
Acetylcysteine,0,No match,vNo-DILI-concern
Acitretin,5,Box warning,vMost-DILI-concern
Acyclovir,5,Adverse reactions,vLess-DILI-concern
Adalimumab,7,Adverse reactions,vLess-DILI-concern
Adefovir dipivoxil,2,Warnings & precautions,vLess-DILI-concern
Adenosine,0,No match,vNo-DILI-concern
Afatinib dimaleate,8,Warnings & precautions,Ambiguous-DILI-concern
Agalsidase beta,0,No match,vNo-DILI-concern
Alaproclate,8,Withdrawn,vMost-DILI-concern
Alatrofloxacin mesylate,8,Withdrawn,vMost-DILI-concern
Albendazole,7,Warnings & precautions,vMost-DILI-concern
Albuterol,0,No match,vNo-DILI-concern
Alclofenac,8,Withdrawn,vMost-DILI-concern
Aldesleukin,3,Warnings & precautions,Ambiguous-DILI-concern
Alectinib hydrochloride,4,Warnings & precautions,Ambiguous-DILI-concern
Alemtuzumab,0,No match,vLess-DILI-concern
Alendronate sodium,0,No match,vLess-DILI-concern
Alfentanil hydrochloride,0,No match,vNo-DILI-concern
Alfuzosin hydrochloride,5,Adverse reactions,vLess-DILI-concern
Alglucosidase alfa,0,No match,vNo-DILI-concern
Aliskiren hemifumarate,0,No match,vLess-DILI-concern
Allopurinol,8,Warnings & precautions,vMost-DILI-concern
Almotriptan malate,0,No match,vNo-DILI-concern
Alogliptin benzoate,8,Warnings & precautions,Ambiguous-DILI-concern
Alosetron hydrochloride,4,Adverse reactions,vLess-DILI-concern
Alpelisib,3,Adverse reactions,vLess-DILI-concern
Alpidem,8,Withdrawn,vMost-DILI-concern
Alprazolam,7,Adverse reactions,vLess-DILI-concern
Alteplase,0,No match,vNo-DILI-concern
Altretamine,2,Adverse reactions,Ambiguous-DILI-concern
Alvimopan,0,No match,vNo-DILI-concern
Amantadine hydrochloride,3,Warnings & precautions,Ambiguous-DILI-concern
Ambenonium chloride,0,No match,vNo-DILI-concern
Ambrisentan,7,Adverse reactions,Ambiguous-DILI-concern
Amifampridine,0,No match,vNo-DILI-concern
Amifampridine phosphate,3,Adverse reactions,Ambiguous-DILI-concern
Amifostine,0,No match,vNo-DILI-concern
Amikacin sulfate,0,No match,vNo-DILI-concern
Amiloride hydrochloride,3,Adverse reactions,vLess-DILI-concern
Amineptine,8,Withdrawn,vMost-DILI-concern
Aminocaproic acid,0,No match,vNo-DILI-concern
Aminohippurate sodium,0,No match,vNo-DILI-concern
Aminophylline,0,No match,vNo-DILI-concern
Aminosalicylic acid ,5,Warnings & precautions,vMost-DILI-concern
Amiodarone hydrochloride,8,Box warning,vMost-DILI-concern
Amisulpride,3,Adverse reactions,vLess-DILI-concern
Amitriptyline hydrochloride,5,Adverse reactions,vLess-DILI-concern
Amlodipine besylate,5,Adverse reactions,vLess-DILI-concern
Ammonium chloride,0,No match,vNo-DILI-concern
Amoxapine,3,Adverse reactions,Ambiguous-DILI-concern
Amoxicillin,5,Adverse reactions,vLess-DILI-concern
Amphetamine sulfate,0,No match,vLess-DILI-concern
Amphotericin B,3,Warnings & precautions,vLess-DILI-concern
Ampicillin sodium,3,Warnings & precautions,vLess-DILI-concern
Amprenavir,3,Warnings & precautions,Ambiguous-DILI-concern
Anagrelide hydrochloride,3,Warnings & precautions,Ambiguous-DILI-concern
Anakinra,0,No match,vLess-DILI-concern
Anastrozole,3,Adverse reactions,vLess-DILI-concern
Angiotensin ii acetate,0,No match,vNo-DILI-concern
Anidulafungin,7,Warnings & precautions,vMost-DILI-concern
Antithymocyte globulin,3,Adverse reactions,Ambiguous-DILI-concern
Apalutamide,0,No match,vNo-DILI-concern
Apixaban,4,Adverse reactions,vLess-DILI-concern
Aplaviroc,8,Discontinued,vMost-DILI-concern
Apomorphine hydrochloride,0,No match,vNo-DILI-concern
Apremilast,0,No match,vNo-DILI-concern
Aprepitant,3,Adverse reactions,Ambiguous-DILI-concern
Aprotinin,7,Adverse reactions,Ambiguous-DILI-concern
Argatroban,0,No match,vNo-DILI-concern
Arginine hydrochloride,0,No match,vNo-DILI-concern
Argipressin,0,No match,vNo-DILI-concern
Aripiprazole,5,Adverse reactions,vLess-DILI-concern
Aripiprazole lauroxil,5,Adverse reactions,vLess-DILI-concern
Armodafinil,3,Warnings & precautions,Ambiguous-DILI-concern
Arsenic trioxide,3,Adverse reactions,Ambiguous-DILI-concern
Artesunate,5,Adverse reactions,Ambiguous-DILI-concern
Asciminib hydrochloride,4,Adverse reactions,Ambiguous-DILI-concern
Asparaginase,7,Warnings & precautions,vMost-DILI-concern
Aspirin,0,No match,vLess-DILI-concern
Atazanavir sulfate,3,Warnings & precautions,vLess-DILI-concern
Atenolol,4,Adverse reactions,vLess-DILI-concern
Atogepant,3,Adverse reactions,Ambiguous-DILI-concern
Atomoxetine hydrochloride,8,Warnings & precautions,vMost-DILI-concern
Atorvastatin calcium,5,Warnings & precautions,vMost-DILI-concern
Atovaquone,8,Warnings & precautions,Ambiguous-DILI-concern
Atracurium,0,No match,vNo-DILI-concern
Atropine,0,No match,vNo-DILI-concern
Auranofin,3,Warnings & precautions,vLess-DILI-concern
Avacopan,8,Warnings & precautions,Ambiguous-DILI-concern
Avanafil,0,No match,vNo-DILI-concern
Avapritinib,4,Adverse reactions,Ambiguous-DILI-concern
Avatrombopag maleate,0,No match,vNo-DILI-concern
Axitinib,3,Warnings & precautions,Ambiguous-DILI-concern
Azacitidine,8,Warnings & precautions,Ambiguous-DILI-concern
Azathioprine,5,Warnings & precautions,vMost-DILI-concern
Azilsartan kamedoxomil,0,No match,vNo-DILI-concern
Azithromycin,7,Adverse reactions,vLess-DILI-concern
Aztreonam,5,Adverse reactions,Ambiguous-DILI-concern
Bacitracin,0,No match,vNo-DILI-concern
Baclofen,3,Adverse reactions,vLess-DILI-concern
Baloxavir marboxil,0,No match,vNo-DILI-concern
Balsalazide disodium,8,Adverse reactions,Ambiguous-DILI-concern
Baricitinib,3,Warnings & precautions,Ambiguous-DILI-concern
Basiliximab,0,No match,vNo-DILI-concern
Bedaquiline fumarate,3,Warnings & precautions,Ambiguous-DILI-concern
Belinostat,8,Warnings & precautions,Ambiguous-DILI-concern
Belumosudil mesylate,3,Adverse reactions,Ambiguous-DILI-concern
Belzutifan,3,Adverse reactions,Ambiguous-DILI-concern
Bempedoic acid,3,Adverse reactions,Ambiguous-DILI-concern
Benazepril hydrochloride,4,Adverse reactions,vLess-DILI-concern
Bendamustine hydrochloride,0,No match,vNo-DILI-concern
Bendazac,8,Withdrawn,vMost-DILI-concern
Bendroflumethiazide,5,Adverse reactions,vLess-DILI-concern
Benoxaprofen,8,Withdrawn,vMost-DILI-concern
Benzarone,8,Withdrawn,vMost-DILI-concern
Benzbromarone,8,Withdrawn,vMost-DILI-concern
Benziodarone,8,Withdrawn,vMost-DILI-concern
Benznidazole,2,Adverse reactions,Ambiguous-DILI-concern
Benzonatate,0,No match,vLess-DILI-concern
Benzphetamine hydrochloride,0,No match,vNo-DILI-concern
Benztropine mesylate,0,No match,vNo-DILI-concern
Benzylpenicilloyl polylysine,0,No match,vNo-DILI-concern
Berotralstat hydrochloride,3,Adverse reactions,Ambiguous-DILI-concern
Betaine,0,No match,vNo-DILI-concern
Betaxolol hydrochloride,3,Adverse reactions,Ambiguous-DILI-concern
Bethanechol chloride,0,No match,vNo-DILI-concern
Betrixaban,0,No match,vNo-DILI-concern
Bevacizumab,0,No match,vNo-DILI-concern
Bexarotene,8,Warnings & precautions,vMost-DILI-concern
Bicalutamide,8,Warnings & precautions,vMost-DILI-concern
Binimetinib,3,Warnings & precautions,Ambiguous-DILI-concern
Biperiden hydrochloride,0,No match,vNo-DILI-concern
Bisacodyl,0,No match,vNo-DILI-concern
Bisoprolol fumarate,3,Adverse reactions,Ambiguous-DILI-concern
Bivalirudin,0,No match,vNo-DILI-concern
Bleomycin sulfate,3,Warnings & precautions,Ambiguous-DILI-concern
Bortezomib,7,Warnings & precautions,vMost-DILI-concern
Bosentan,7,Box warning,vMost-DILI-concern
Bosutinib monohydrate,4,Warnings & precautions,vMost-DILI-concern
Botulinum toxin type a,0,No match,vNo-DILI-concern
Botulinum toxin type b,0,No match,vNo-DILI-concern
Bremelanotide acetate,4,Adverse reactions,Ambiguous-DILI-concern
Brexanolone,0,No match,vNo-DILI-concern
Brexpiprazole,0,No match,vNo-DILI-concern
Brigatinib,3,Adverse reactions,Ambiguous-DILI-concern
Brilliant blue g,0,No match,vNo-DILI-concern
Brivaracetam,0,No match,vNo-DILI-concern
Bromfenac sodium,8,Withdrawn,vMost-DILI-concern
Bromocriptine mesylate,3,Warnings & precautions,vLess-DILI-concern
Brompheniramine maleate,0,No match,vNo-DILI-concern
Budesonide,0,No match,vNo-DILI-concern
Bumetanide,3,Warnings & precautions,Ambiguous-DILI-concern
Bupropion hydrochloride,5,Adverse reactions,vLess-DILI-concern
Buspirone hydrochloride,3,Adverse reactions,Ambiguous-DILI-concern
Busulfan,8,Warnings & precautions,vMost-DILI-concern
Butabarbital sodium,3,Adverse reactions,Ambiguous-DILI-concern
Butorphanol tartrate,0,No match,vNo-DILI-concern
Cabazitaxel,4,Adverse reactions,Ambiguous-DILI-concern
Cabergoline,0,No match,vNo-DILI-concern
Cabotegravir sodium,3,Warnings & precautions,Ambiguous-DILI-concern
Cabozantinib s-malate,4,Adverse reactions,Ambiguous-DILI-concern
Caffeine citrate,0,No match,vNo-DILI-concern
Calcitonin salmon,0,No match,vNo-DILI-concern
Calcitriol,0,No match,vNo-DILI-concern
Calcium acetate,0,No match,vNo-DILI-concern
Canagliflozin,0,No match,vLess-DILI-concern
Canakinumab,3,Adverse reactions,vLess-DILI-concern
Candesartan cilexetil,3,Adverse reactions,vLess-DILI-concern
Cangrelor,0,No match,vNo-DILI-concern
Cannabidiol,3,Warnings & precautions,Ambiguous-DILI-concern
Capecitabine,2,Warnings & precautions,vLess-DILI-concern
Capmatinib hydrochloride,3,Warnings & precautions,vLess-DILI-concern
Capreomycin sulfate,3,Adverse reactions,Ambiguous-DILI-concern
Captopril,7,Adverse reactions,vLess-DILI-concern
Carbamazepine,7,Warnings & precautions,vMost-DILI-concern
Carbenicillin disodium,3,Warnings & precautions,vLess-DILI-concern
Carbidopa,3,Warnings & precautions,Ambiguous-DILI-concern
Carbinoxamine maleate,0,No match,vNo-DILI-concern
Carboplatin,3,Warnings & precautions,vLess-DILI-concern
Carboprost tromethamine,0,No match,vNo-DILI-concern
Carfilzomib,8,Warnings & precautions,vMost-DILI-concern
Carglumic acid,0,No match,vNo-DILI-concern
Cariprazine hydrochloride,3,Adverse reactions,Ambiguous-DILI-concern
Carisoprodol,0,No match,vNo-DILI-concern
Carvedilol,3,Adverse reactions,vLess-DILI-concern
Casimersen,0,No match,vNo-DILI-concern
Caspofungin acetate,7,Warnings & precautions,Ambiguous-DILI-concern
Cefaclor,3,Adverse reactions,vLess-DILI-concern
Cefadroxil hemihydrate,7,Adverse reactions,vLess-DILI-concern
Cefazolin sodium,3,Adverse reactions,vLess-DILI-concern
Cefdinir,7,Adverse reactions,vLess-DILI-concern
Cefditoren pivoxil,2,Adverse reactions,vLess-DILI-concern
Cefepime hydrochloride,3,Adverse reactions,vLess-DILI-concern
Cefiderocol sulfate tosylate,2,Adverse reactions,Ambiguous-DILI-concern
Cefixime,4,Adverse reactions,vLess-DILI-concern
Cefoperazone sodium,3,Adverse reactions,vLess-DILI-concern
Cefotaxime sodium,5,Adverse reactions,vLess-DILI-concern
Cefotetan disodium,3,Adverse reactions,Ambiguous-DILI-concern
Cefoxitin sodium,3,Warnings & precautions,Ambiguous-DILI-concern
Cefpodoxime proxetil,3,Adverse reactions,Ambiguous-DILI-concern
Cefprozil,4,Adverse reactions,vLess-DILI-concern
Ceftaroline fosamil,3,Adverse reactions,vLess-DILI-concern
Ceftazidime,3,Adverse reactions,vLess-DILI-concern
Ceftibuten dihydrate,3,Adverse reactions,Ambiguous-DILI-concern
Ceftizoxime sodium,4,Adverse reactions,Ambiguous-DILI-concern
Ceftriaxone sodium,4,Adverse reactions,vLess-DILI-concern
Cefuroxime sodium,5,Adverse reactions,vLess-DILI-concern
Celecoxib,3,Warnings & precautions,vLess-DILI-concern
Cenobamate,3,Adverse reactions,Ambiguous-DILI-concern
Cephalexin,4,Adverse reactions,vLess-DILI-concern
Cephradine,4,Adverse reactions,Ambiguous-DILI-concern
Ceritinib,4,Warnings & precautions,vMost-DILI-concern
Certolizumab pegol,4,Adverse reactions,vLess-DILI-concern
Cetirizine hydrochloride,3,Adverse reactions,vLess-DILI-concern
Cetrorelix acetate,3,Warnings & precautions,Ambiguous-DILI-concern
Cetuximab,0,No match,vNo-DILI-concern
Cevimeline hydrochloride,3,Adverse reactions,Ambiguous-DILI-concern
Chenodiol,8,Warnings & precautions,Ambiguous-DILI-concern
Chlorambucil,3,Warnings & precautions,vLess-DILI-concern
Chloramphenicol,0,No match,vNo-DILI-concern
Chlorcyclizine hydrochloride,0,No match,vLess-DILI-concern
Chlordiazepoxide hydrochloride,5,Adverse reactions,vLess-DILI-concern
Chlormezanone,8,Withdrawn,vMost-DILI-concern
Chloroquine phosphate,3,Adverse reactions,vLess-DILI-concern
Chlorothiazide,2,Adverse reactions,vLess-DILI-concern
Chlorpheniramine maleate,0,No match,vNo-DILI-concern
Chlorpromazine hydrochloride,2,Adverse reactions,vLess-DILI-concern
Chlorpropamide,2,Adverse reactions,vLess-DILI-concern
Chlorthalidone,2,Adverse reactions,Ambiguous-DILI-concern
Chlorzoxazone,8,Warnings & precautions,vMost-DILI-concern
Cholestyramine,3,Adverse reactions,Ambiguous-DILI-concern
Cholic acid,3,Warnings & precautions,Ambiguous-DILI-concern
Choline c-11,0,No match,vNo-DILI-concern
Choriogonadotropin alfa,3,Warnings & precautions,Ambiguous-DILI-concern
Cidofovir,5,Adverse reactions,Ambiguous-DILI-concern
Cilostazol,5,Adverse reactions,Ambiguous-DILI-concern
Cimetidine,2,Adverse reactions,vLess-DILI-concern
Cinacalcet hydrochloride,0,No match,vNo-DILI-concern
Cinchophen,8,Withdrawn,vMost-DILI-concern
Ciprofloxacin hydrochloride,7,Warnings & precautions,vMost-DILI-concern
Cisatracurium besylate,0,No match,vNo-DILI-concern
Cisplatin,3,Warnings & precautions,vLess-DILI-concern
Citalopram hydrobromide,7,Adverse reactions,vLess-DILI-concern
Cladribine,3,Warnings & precautions,vLess-DILI-concern
Clarithromycin,8,Warnings & precautions,vMost-DILI-concern
Clemastine fumarate,0,No match,vNo-DILI-concern
Clevidipine,0,No match,vNo-DILI-concern
Clindamycin hydrochloride,3,Warnings & precautions,vLess-DILI-concern
Clindamycin phosphate,3,Warnings & precautions,vLess-DILI-concern
Clobazam,3,Adverse reactions,Ambiguous-DILI-concern
Clofarabine,8,Warnings & precautions,Ambiguous-DILI-concern
Clofibrate,3,Warnings & precautions,vLess-DILI-concern
Clomacran,8,Withdrawn,vMost-DILI-concern
Clometacin,8,Withdrawn,vMost-DILI-concern
Clomiphene citrate,3,Warnings & precautions,vLess-DILI-concern
Clomipramine hydrochloride,8,Warnings & precautions,vMost-DILI-concern
Clonazepam,3,Adverse reactions,vLess-DILI-concern
Clonidine hydrochloride,3,Adverse reactions,Ambiguous-DILI-concern
Clopidogrel bisulfate,7,Adverse reactions,vLess-DILI-concern
Clorazepate dipotassium,3,Warnings & precautions,Ambiguous-DILI-concern
Clotrimazole,3,Warnings & precautions,vLess-DILI-concern
Cloxacillin sodium,3,Warnings & precautions,vLess-DILI-concern
Clozapine,5,Warnings & precautions,vMost-DILI-concern
Cobicistat,5,Adverse reactions,Ambiguous-DILI-concern
Cobimetinib fumarate,4,Warnings & precautions,Ambiguous-DILI-concern
Codeine sulfate,0,No match,vNo-DILI-concern
Colchicine,6,Adverse reactions,Ambiguous-DILI-concern
Colesevelam hydrochloride,3,Adverse reactions,Ambiguous-DILI-concern
Colestipol hydrochloride,3,Adverse reactions,vLess-DILI-concern
Colistimethate sodium,0,No match,vNo-DILI-concern
Conivaptan hydrochloride,0,No match,vNo-DILI-concern
Copanlisib dihydrochloride,0,No match,vNo-DILI-concern
Copper cu-64 dotatate,0,No match,vNo-DILI-concern
Corticorelin ovine triflutate,0,No match,vNo-DILI-concern
Corticotropin,0,No match,vNo-DILI-concern
Cortisone acetate,0,No match,vNo-DILI-concern
Cosyntropin,0,No match,vNo-DILI-concern
Crizotinib,8,Warnings & precautions,vMost-DILI-concern
Crofelemer,4,Adverse reactions,Ambiguous-DILI-concern
Cromoglicate,3,Adverse reactions,vLess-DILI-concern
Cupric chloride,0,No match,vNo-DILI-concern
Cyanocobalamin,0,No match,vNo-DILI-concern
Cyclobenzaprine hydrochloride,5,Adverse reactions,vLess-DILI-concern
Cyclofenil,8,Withdrawn,vMost-DILI-concern
Cyclophosphamide,5,Adverse reactions,vLess-DILI-concern
Cycloserine,3,Warnings & precautions,Ambiguous-DILI-concern
Cyclosporine,7,Warnings & precautions,vMost-DILI-concern
Cyproheptadine hydrochloride,7,Adverse reactions,vLess-DILI-concern
Cysteamine bitartrate,3,Adverse reactions,Ambiguous-DILI-concern
Cytarabine,3,Box warning,vMost-DILI-concern
Dabigatran etexilate mesylate,0,No match,vLess-DILI-concern
Dabrafenib mesylate,3,Adverse reactions,Ambiguous-DILI-concern
Dacarbazine,6,Box warning,vMost-DILI-concern
Dacomitinib,4,Adverse reactions,vLess-DILI-concern
Dactinomycin,8,Warnings & precautions,vMost-DILI-concern
Dalbavancin hydrochloride,3,Warnings & precautions,Ambiguous-DILI-concern
Dalfampridine,0,No match,vNo-DILI-concern
Dalteparin sodium,3,Adverse reactions,vLess-DILI-concern
Danazol,8,Box warning,vMost-DILI-concern
Dantrolene sodium,8,Box warning,vMost-DILI-concern
Dapagliflozin,0,No match,vNo-DILI-concern
Dapsone,3,Warnings & precautions,vLess-DILI-concern
Daptomycin,5,Adverse reactions,vLess-DILI-concern
Darbepoetin alfa,0,No match,vLess-DILI-concern
Darifenacin hydrobromide,0,No match,vNo-DILI-concern
Darolutamide,4,Adverse reactions,Ambiguous-DILI-concern
Darunavir,8,Warnings & precautions,vMost-DILI-concern
Dasatinib,4,Adverse reactions,vLess-DILI-concern
Dasiglucagon hydrochloride,0,No match,vNo-DILI-concern
Daunorubicin hydrochloride,0,No match,vNo-DILI-concern
Decitabine,4,Adverse reactions,Ambiguous-DILI-concern
Deferasirox,7,Box warning,vMost-DILI-concern
Deferiprone,3,Warnings & precautions,Ambiguous-DILI-concern
Deferoxamine mesylate,0,No match,vLess-DILI-concern
Defibrotide sodium,0,No match,vNo-DILI-concern
Deflazacort,0,No match,vNo-DILI-concern
Degarelix acetate,3,Adverse reactions,Ambiguous-DILI-concern
Delafloxacin meglumine,3,Adverse reactions,Ambiguous-DILI-concern
Delavirdine mesylate,5,Adverse reactions,Ambiguous-DILI-concern
Demeclocycline hydrochloride,3,Warnings & precautions,Ambiguous-DILI-concern
Denileukin diftitox,3,Adverse reactions,Ambiguous-DILI-concern
Deoxycholic acid,0,No match,vNo-DILI-concern
Dermatan,8,Discontinued,vMost-DILI-concern
Desipramine hydrochloride,3,Adverse reactions,Ambiguous-DILI-concern
Desloratadine,3,Adverse reactions,vLess-DILI-concern
Desmopressin acetate,3,Adverse reactions,Ambiguous-DILI-concern
Desvenlafaxine succinate,3,Adverse reactions,vLess-DILI-concern
Deutetrabenazine,0,No match,vNo-DILI-concern
Dexamethasone,3,Adverse reactions,Ambiguous-DILI-concern
Dexbrompheniramine maleate,0,No match,vNo-DILI-concern
Dexchlorpheniramine maleate,0,No match,vNo-DILI-concern
Dexlansoprazole,4,Adverse reactions,vLess-DILI-concern
Dexmedetomidine hydrochloride,4,Adverse reactions,Ambiguous-DILI-concern
Dexmethylphenidate hydrochloride,7,Adverse reactions,vLess-DILI-concern
Dexpanthenol,0,No match,vNo-DILI-concern
Dexrazoxane hydrochloride,4,Adverse reactions,Ambiguous-DILI-concern
Dextroamphetamine sulfate,0,No match,vNo-DILI-concern
Dextromethorphan polistirex,0,No match,vNo-DILI-concern
Dextrose,0,No match,vNo-DILI-concern
Diatrizoate sodium,0,No match,vNo-DILI-concern
Diazepam,4,Adverse reactions,vLess-DILI-concern
Diazoxide,3,Warnings & precautions,Ambiguous-DILI-concern
Dichlorphenamide,0,No match,vNo-DILI-concern
Diclofenac sodium,8,Warnings & precautions,vMost-DILI-concern
Dicloxacillin sodium,3,Warnings & precautions,vLess-DILI-concern
Dicyclomine hydrochloride,0,No match,vNo-DILI-concern
Didanosine,8,Warnings & precautions,vMost-DILI-concern
Diethylpropion hydrochloride,0,No match,vNo-DILI-concern
Difelikefalin acetate,0,No match,vNo-DILI-concern
Diflunisal,8,Warnings & precautions,vMost-DILI-concern
Digoxin,0,No match,vNo-DILI-concern
Dihydroergotamine mesylate,0,No match,vNo-DILI-concern
Diltiazem hydrochloride,4,Warnings & precautions,vMost-DILI-concern
Dimenhydrinate,0,No match,vNo-DILI-concern
Dimercaprol,0,No match,vNo-DILI-concern
Dimethyl fumarate,4,Warnings & precautions,vMost-DILI-concern
Diphenhydramine hydrochloride,0,No match,vNo-DILI-concern
Diphenoxylate,0,No match,vNo-DILI-concern
Dipyridamole,3,Warnings & precautions,Ambiguous-DILI-concern
Diroximel fumarate,4,Warnings & precautions,Ambiguous-DILI-concern
Disopyramide phosphate,2,Adverse reactions,vLess-DILI-concern
Disulfiram,8,Warnings & precautions,vMost-DILI-concern
Divalproex sodium,8,Box warning,vMost-DILI-concern
Dobutamine hydrochloride,0,No match,vNo-DILI-concern
Docetaxel,3,Warnings & precautions,vLess-DILI-concern
Dofetilide,0,No match,vLess-DILI-concern
Dolasetron mesylate,3,Adverse reactions,Ambiguous-DILI-concern
Dolutegravir sodium,8,Warnings & precautions,vMost-DILI-concern
Donepezil hydrochloride,3,Adverse reactions,vLess-DILI-concern
Dopamine hydrochloride,0,No match,vNo-DILI-concern
Doravirine,4,Adverse reactions,Ambiguous-DILI-concern
Doripenem,3,Adverse reactions,Ambiguous-DILI-concern
Doxapram hydrochloride,0,No match,vNo-DILI-concern
Doxazosin mesylate,3,Adverse reactions,vLess-DILI-concern
Doxepin hydrochloride,4,Adverse reactions,vLess-DILI-concern
Doxercalciferol,3,Adverse reactions,Ambiguous-DILI-concern
Doxorubicin hydrochloride,3,Adverse reactions,vLess-DILI-concern
Doxycycline,3,Adverse reactions,vLess-DILI-concern
Doxylamine succinate,0,No match,vNo-DILI-concern
Dronabinol,3,Adverse reactions,Ambiguous-DILI-concern
Dronedarone hydrochloride,7,Warnings & precautions,vMost-DILI-concern
Droperidol,0,No match,vNo-DILI-concern
Droxicam,8,Withdrawn,vMost-DILI-concern
Droxidopa,0,No match,vNo-DILI-concern
Duloxetine hydrochloride,8,Warnings & precautions,vMost-DILI-concern
Dutasteride,0,No match,vNo-DILI-concern
Duvelisib,4,Warnings & precautions,Ambiguous-DILI-concern
Dyphylline,0,No match,vNo-DILI-concern
Ebrotidine,8,Withdrawn,vMost-DILI-concern
Ecallantide,0,No match,vNo-DILI-concern
Eculizumab,0,No match,vLess-DILI-concern
Edaravone,0,No match,vNo-DILI-concern
Edetate calcium disodium,3,Warnings & precautions,Ambiguous-DILI-concern
Edoxaban tosylate,3,Adverse reactions,Ambiguous-DILI-concern
Edrophonium chloride,0,No match,vNo-DILI-concern
Efavirenz,7,Warnings & precautions,vMost-DILI-concern
Elagolix sodium,3,Warnings & precautions,Ambiguous-DILI-concern
Eletriptan hydrobromide,3,Adverse reactions,Ambiguous-DILI-concern
Eliglustat tartrate,0,No match,vNo-DILI-concern
Eltrombopag olamine,4,Box warning,vMost-DILI-concern
Eluxadoline,3,Adverse reactions,Ambiguous-DILI-concern
Empagliflozin,0,No match,vNo-DILI-concern
Emtricitabine,2,Warnings & precautions,Ambiguous-DILI-concern
Enalapril maleate,7,Adverse reactions,vLess-DILI-concern
Enalaprilat,7,Adverse reactions,Ambiguous-DILI-concern
Enasidenib mesylate,4,Adverse reactions,Ambiguous-DILI-concern
Encorafenib,3,Adverse reactions,Ambiguous-DILI-concern
Enfuvirtide,3,Warnings & precautions,Ambiguous-DILI-concern
Enoxaparin sodium,3,Adverse reactions,vLess-DILI-concern
Entacapone,0,No match,vLess-DILI-concern
Entecavir,7,Warnings & precautions,Ambiguous-DILI-concern
Entrectinib,3,Warnings & precautions,Ambiguous-DILI-concern
Enzalutamide,0,No match,vNo-DILI-concern
Ephedrine sulfate,0,No match,vNo-DILI-concern
Epinephrine,0,No match,vNo-DILI-concern
Epirubicin hydrochloride,3,Warnings & precautions,Ambiguous-DILI-concern
Eplerenone,4,Adverse reactions,vLess-DILI-concern
Epoetin alfa,0,No match,vNo-DILI-concern
Epoprostenol sodium,7,Adverse reactions,Ambiguous-DILI-concern
Eprosartan mesylate,3,Adverse reactions,Ambiguous-DILI-concern
Eptifibatide,0,No match,vNo-DILI-concern
Eravacycline dihydrochloride,3,Adverse reactions,Ambiguous-DILI-concern
Erdafitinib,3,Adverse reactions,Ambiguous-DILI-concern
Ergocalciferol,0,No match,vNo-DILI-concern
Eribulin mesylate,4,Adverse reactions,Ambiguous-DILI-concern
Erlotinib hydrochloride,8,Warnings & precautions,vMost-DILI-concern
Ertapenem sodium,3,Warnings & precautions,Ambiguous-DILI-concern
Ertugliflozin,0,No match,vNo-DILI-concern
Erythromycin estolate,5,Warnings & precautions,vMost-DILI-concern
Erythropoietin,0,No match,vNo-DILI-concern
Escitalopram oxalate,7,Adverse reactions,vLess-DILI-concern
Eslicarbazepine acetate,3,Warnings & precautions,Ambiguous-DILI-concern
Esmolol hydrochloride,0,No match,vNo-DILI-concern
Esomeprazole sodium,4,Adverse reactions,vLess-DILI-concern
Estazolam,0,No match,vNo-DILI-concern
Estradiol valerate,2,Adverse reactions,vLess-DILI-concern
Estramustine phosphate sodium,4,Warnings & precautions,vMost-DILI-concern
"Estrogens, conjugated",1,Adverse reactions,Ambiguous-DILI-concern
Estrone,2,Warnings & precautions,Ambiguous-DILI-concern
Estropipate,2,Adverse reactions,Ambiguous-DILI-concern
Eszopiclone,3,Adverse reactions,vLess-DILI-concern
Etanercept,3,Warnings & precautions,vLess-DILI-concern
Etelcalcetide,0,No match,vNo-DILI-concern
Eteplirsen,0,No match,vNo-DILI-concern
Ethacrynic acid,5,Adverse reactions,Ambiguous-DILI-concern
Ethambutol hydrochloride,8,Warnings & precautions,vMost-DILI-concern
Ethanolamine oleate,0,No match,vNo-DILI-concern
Ethionamide,3,Warnings & precautions,vLess-DILI-concern
Ethosuximide,3,Warnings & precautions,Ambiguous-DILI-concern
Ethotoin,3,Warnings & precautions,Ambiguous-DILI-concern
Etidronate disodium,0,No match,vNo-DILI-concern
Etodolac,8,Warnings & precautions,vMost-DILI-concern
Etomidate,0,No match,vNo-DILI-concern
Etonogestrel,5,Warnings & precautions,Ambiguous-DILI-concern
Etoposide,3,Adverse reactions,vLess-DILI-concern
Etravirine,8,Warnings & precautions,vMost-DILI-concern
Everolimus,4,Adverse reactions,vLess-DILI-concern
Exemestane,4,Warnings & precautions,vMost-DILI-concern
Exenatide synthetic,0,No match,vNo-DILI-concern
Exifone,8,Withdrawn,vMost-DILI-concern
Ezetimibe,3,Warnings & precautions,vLess-DILI-concern
Falnidamol,8,Discontinued,vMost-DILI-concern
Famciclovir,3,Adverse reactions,Ambiguous-DILI-concern
Famotidine,3,Adverse reactions,vLess-DILI-concern
Febuxostat,8,Warnings & precautions,vMost-DILI-concern
Fedratinib hydrochloride,3,Warnings & precautions,Ambiguous-DILI-concern
Felbamate,7,Box warning,vMost-DILI-concern
Felodipine,3,Adverse reactions,vLess-DILI-concern
Fenclozic acid,8,Withdrawn,vMost-DILI-concern
Fenofibrate,3,Warnings & precautions,vLess-DILI-concern
Fenofibric acid,2,Warnings & precautions,vLess-DILI-concern
Fenoldopam mesylate,0,No match,vNo-DILI-concern
Fenoprofen calcium,8,Warnings & precautions,vMost-DILI-concern
Ferric maltol,0,No match,vNo-DILI-concern
Ferumoxides,0,No match,vNo-DILI-concern
Ferumoxsil,0,No match,vNo-DILI-concern
Ferumoxytol,0,No match,vNo-DILI-concern
Fesoterodine fumarate,0,No match,vNo-DILI-concern
Fexinidazole,3,Warnings & precautions,Ambiguous-DILI-concern
Fexofenadine hydrochloride,0,No match,vNo-DILI-concern
Fialuridine,8,Discontinued,vMost-DILI-concern
Fidaxomicin,3,Adverse reactions,Ambiguous-DILI-concern
Fiduxosin,8,Discontinued,vMost-DILI-concern
Filgrastim,1,Adverse reactions,vLess-DILI-concern
Finasteride,0,No match,vLess-DILI-concern
Finerenone,0,No match,vNo-DILI-concern
Fingolimod hydrochloride,8,Warnings & precautions,vMost-DILI-concern
Fipexide,8,Withdrawn,vMost-DILI-concern
Flavoxate hydrochloride,0,No match,vLess-DILI-concern
Flecainide acetate,7,Adverse reactions,vLess-DILI-concern
Flibanserin,0,No match,vNo-DILI-concern
Florbetaben f-18,0,No match,vNo-DILI-concern
Florbetapir f-18,0,No match,vNo-DILI-concern
Flortaucipir f-18,0,No match,vNo-DILI-concern
Fluciclovine f-18,0,No match,vNo-DILI-concern
Fluconazole,8,Warnings & precautions,vMost-DILI-concern
Flucytosine,3,Warnings & precautions,Ambiguous-DILI-concern
Fludarabine phosphate,0,No match,vNo-DILI-concern
Fludrocortisone acetate,0,No match,vNo-DILI-concern
Flumazenil,0,No match,vNo-DILI-concern
Fluorescein sodium,0,No match,vNo-DILI-concern
Fluorodopa f-18,0,No match,vNo-DILI-concern
Fluoroestradiol f-18,0,No match,vNo-DILI-concern
Fluorouracil,0,No match,vLess-DILI-concern
Fluoxetine hydrochloride,3,Adverse reactions,vLess-DILI-concern
Fluoxymesterone,8,Warnings & precautions,Ambiguous-DILI-concern
Fluphenazine hydrochloride,3,Warnings & precautions,Ambiguous-DILI-concern
Flurazepam hydrochloride,4,Adverse reactions,vLess-DILI-concern
Flurbiprofen sodium,3,Warnings & precautions,vLess-DILI-concern
Flutamide,8,Box warning,vMost-DILI-concern
Flutemetamol f-18,0,No match,vNo-DILI-concern
Fluvastatin sodium,3,Warnings & precautions,vLess-DILI-concern
Fluvoxamine maleate,3,Adverse reactions,Ambiguous-DILI-concern
Folic acid,0,No match,vNo-DILI-concern
Follitropin alfa/beta,3,Warnings & precautions,Ambiguous-DILI-concern
Fomepizole,3,Warnings & precautions,Ambiguous-DILI-concern
Fondaparinux sodium,3,Adverse reactions,vLess-DILI-concern
Fosamprenavir calcium,3,Warnings & precautions,Ambiguous-DILI-concern
Fosaprepitant dimeglumine,3,Adverse reactions,Ambiguous-DILI-concern
Foscarnet sodium,3,Adverse reactions,Ambiguous-DILI-concern
Fosdenopterin hydrobromide,0,No match,vNo-DILI-concern
Fosfomycin tromethamine,6,Adverse reactions,vLess-DILI-concern
Fosinopril sodium,3,Adverse reactions,vLess-DILI-concern
Fosphenytoin sodium,8,Warnings & precautions,vMost-DILI-concern
Fospropofol disodium,0,No match,vLess-DILI-concern
Fostamatinib disodium,3,Warnings & precautions,Ambiguous-DILI-concern
Fostemsavir tromethamine,3,Warnings & precautions,Ambiguous-DILI-concern
Frovatriptan succinate,0,No match,vNo-DILI-concern
Fulvestrant,7,Adverse reactions,Ambiguous-DILI-concern
Furosemide,2,Adverse reactions,Ambiguous-DILI-concern
Gabapentin,3,Warnings & precautions,vLess-DILI-concern
Gabapentin enacarbil,0,No match,vNo-DILI-concern
Gadobenate dimeglumine,0,No match,vNo-DILI-concern
Gadobutrol,0,No match,vNo-DILI-concern
Gadodiamide,3,Adverse reactions,Ambiguous-DILI-concern
Gadofosveset trisodium,0,No match,vNo-DILI-concern
Gadopentetate dimeglumine,0,No match,vNo-DILI-concern
Gadoterate meglumine,0,No match,vNo-DILI-concern
Gadoteridol,0,No match,vNo-DILI-concern
Gadoversetamide,0,No match,vNo-DILI-concern
Gadoxetate disodium,0,No match,vNo-DILI-concern
Galantamine hydrobromide,3,Adverse reactions,Ambiguous-DILI-concern
Gallium dotatate ga-68,0,No match,vNo-DILI-concern
Gallium ga-68 edotreotide,0,No match,vNo-DILI-concern
Gallium ga-68 gozetotide,0,No match,vNo-DILI-concern
Gallium nitrate,3,Adverse reactions,Ambiguous-DILI-concern
Galsulfase,0,No match,vNo-DILI-concern
Ganciclovir sodium,7,Adverse reactions,Ambiguous-DILI-concern
Ganirelix acetate,0,No match,vNo-DILI-concern
Gefitinib,4,Warnings & precautions,vMost-DILI-concern
Gemcitabine hydrochloride,8,Warnings & precautions,vMost-DILI-concern
Gemfibrozil,4,Warnings & precautions,vMost-DILI-concern
Gemifloxacin mesylate,3,Warnings & precautions,vLess-DILI-concern
Gemtuzumab ozogamicin,8,Box warning,vMost-DILI-concern
Gilteritinib fumarate,3,Adverse reactions,Ambiguous-DILI-concern
Givosiran sodium,3,Warnings & precautions,vLess-DILI-concern
Glafenine,8,Withdrawn,vMost-DILI-concern
Glasdegib maleate,4,Adverse reactions,Ambiguous-DILI-concern
Glatiramer acetate,3,Adverse reactions,vLess-DILI-concern
Glimepiride,7,Adverse reactions,vLess-DILI-concern
Glipizide,3,Adverse reactions,vLess-DILI-concern
Glyburide,3,Adverse reactions,vLess-DILI-concern
Glycopyrrolate,0,No match,vNo-DILI-concern
Golimumab,8,Adverse reactions,Ambiguous-DILI-concern
Golodirsen,0,No match,vNo-DILI-concern
Goserelin acetate,3,Adverse reactions,Ambiguous-DILI-concern
Granisetron hydrochloride,3,Adverse reactions,Ambiguous-DILI-concern
Griseofulvin,8,Warnings & precautions,vMost-DILI-concern
Guaifenesin,0,No match,vNo-DILI-concern
Guanethidine monosulfate,0,No match,vNo-DILI-concern
Guanfacine hydrochloride,3,Adverse reactions,Ambiguous-DILI-concern
Guanidine hydrochloride,3,Adverse reactions,Ambiguous-DILI-concern
Haloperidol decanoate,3,Adverse reactions,vLess-DILI-concern
Haloperidol lactate,5,Adverse reactions,vLess-DILI-concern
Heparin sodium,3,Adverse reactions,vLess-DILI-concern
Hetastarch,0,No match,vNo-DILI-concern
Histamine phosphate,0,No match,vNo-DILI-concern
Histrelin acetate,3,Adverse reactions,Ambiguous-DILI-concern
Hyaluronidase,0,No match,vNo-DILI-concern
Hyaluronidase recombinant human,0,No match,vNo-DILI-concern
Hydralazine hydrochloride,3,Adverse reactions,vLess-DILI-concern
Hydrochlorothiazide,2,Adverse reactions,vLess-DILI-concern
Hydrocortisone acetate,0,No match,vNo-DILI-concern
Hydroflumethiazide,2,Adverse reactions,Ambiguous-DILI-concern
Hydromorphone hydrochloride,3,Adverse reactions,Ambiguous-DILI-concern
Hydroxocobalamin,3,Adverse reactions,Ambiguous-DILI-concern
Hydroxychloroquine sulfate,7,Adverse reactions,vLess-DILI-concern
Hydroxyprogesterone caproate,2,Warnings & precautions,Ambiguous-DILI-concern
Hydroxyurea,8,Warnings & precautions,vMost-DILI-concern
Hydroxyzine hydrochloride,0,No match,vNo-DILI-concern
Ibandronate sodium,0,No match,vLess-DILI-concern
Ibrexafungerp citrate,3,Adverse reactions,Ambiguous-DILI-concern
Ibritumomab tiuxetan,0,No match,vNo-DILI-concern
Ibrutinib,7,Adverse reactions,vMost-DILI-concern
Ibufenac,8,Withdrawn,vMost-DILI-concern
Ibuprofen,3,Warnings & precautions,vLess-DILI-concern
Ibutilide fumarate,0,No match,vNo-DILI-concern
Icatibant acetate,3,Adverse reactions,Ambiguous-DILI-concern
Idarubicin hydrochloride,3,Warnings & precautions,Ambiguous-DILI-concern
Idelalisib,8,Box warning,vMost-DILI-concern
Idursulfase,0,No match,vNo-DILI-concern
Ifosfamide,4,Adverse reactions,vLess-DILI-concern
Iloperidone,2,Adverse reactions,Ambiguous-DILI-concern
Imatinib mesylate,8,Warnings & precautions,vMost-DILI-concern
Imiglucerase,0,No match,vNo-DILI-concern
Imipramine hydrochloride,3,Adverse reactions,vLess-DILI-concern
Inamrinone lactate,5,Adverse reactions,Ambiguous-DILI-concern
Inclisiran sodium,4,Adverse reactions,vLess-DILI-concern
Indapamide,5,Adverse reactions,Ambiguous-DILI-concern
Indinavir sulfate,8,Warnings & precautions,Ambiguous-DILI-concern
Indocyanine green,0,No match,vNo-DILI-concern
Indomethacin,8,Warnings & precautions,vMost-DILI-concern
Infigratinib phosphate,4,Adverse reactions,Ambiguous-DILI-concern
Infliximab,8,Warnings & precautions,vMost-DILI-concern
Inotersen sodium,3,Warnings & precautions,Ambiguous-DILI-concern
"Interferon alfa-2a, recombinant",8,Warnings & precautions,vMost-DILI-concern
Interferon alfa-2b,8,Warnings & precautions,vMost-DILI-concern
Interferon alfacon-1,7,Warnings & precautions,vMost-DILI-concern
Interferon beta-1a,7,Warnings & precautions,vMost-DILI-concern
Interferon beta-1b,7,Warnings & precautions,vMost-DILI-concern
Interferon gamma-1b,3,Warnings & precautions,Ambiguous-DILI-concern
Iodipamide sodium,0,No match,vNo-DILI-concern
Ioflupane i-123,0,No match,vNo-DILI-concern
Iothalamate meglumine,0,No match,vNo-DILI-concern
Ioversol,0,No match,vNo-DILI-concern
Iproniazid,8,Withdrawn,vMost-DILI-concern
Irbesartan,5,Adverse reactions,vLess-DILI-concern
Irinotecan hydrochloride,3,Adverse reactions,vLess-DILI-concern
Isavuconazonium sulfate,8,Warnings & precautions,Ambiguous-DILI-concern
Isaxonine,8,Withdrawn,vMost-DILI-concern
Isocarboxazid,5,Warnings & precautions,Ambiguous-DILI-concern
Isoniazid,8,Box warning,vMost-DILI-concern
Isoproterenol hydrochloride,0,No match,vNo-DILI-concern
Isosorbide dinitrate,0,No match,vNo-DILI-concern
Isosorbide mononitrate,3,Adverse reactions,Ambiguous-DILI-concern
Isotretinoin,5,Warnings & precautions,vMost-DILI-concern
Isoxsuprine hydrochloride,0,No match,vNo-DILI-concern
Isradipine,3,Adverse reactions,vLess-DILI-concern
Istradefylline,0,No match,vNo-DILI-concern
Itraconazole,8,Warnings & precautions,vMost-DILI-concern
Ivabradine hydrochloride,0,No match,vNo-DILI-concern
Ivacaftor,3,Warnings & precautions,vLess-DILI-concern
Ivermectin,3,Adverse reactions,vLess-DILI-concern
Ivosidenib,4,Adverse reactions,Ambiguous-DILI-concern
Ixabepilone,7,Adverse reactions,Ambiguous-DILI-concern
Ixazomib citrate,5,Warnings & precautions,Ambiguous-DILI-concern
Kanamycin,0,No match,vNo-DILI-concern
Ketamine hydrochloride,0,No match,vLess-DILI-concern
Ketoconazole,8,Box warning,vMost-DILI-concern
Ketoprofen,3,Warnings & precautions,vLess-DILI-concern
Ketorolac tromethamine,3,Warnings & precautions,vLess-DILI-concern
Labetalol hydrochloride,8,Warnings & precautions,vMost-DILI-concern
Lacosamide,3,Warnings & precautions,Ambiguous-DILI-concern
Lactitol,0,No match,vNo-DILI-concern
Lactulose,0,No match,vNo-DILI-concern
Lamivudine,3,Warnings & precautions,vLess-DILI-concern
Lamotrigine,7,Warnings & precautions,vMost-DILI-concern
Lanreotide acetate,2,Adverse reactions,Ambiguous-DILI-concern
Lansoprazole,3,Adverse reactions,vLess-DILI-concern
Lanthanum carbonate,0,No match,vNo-DILI-concern
Lapatinib ditosylate,8,Box warning,vMost-DILI-concern
Laronidase,4,Adverse reactions,Ambiguous-DILI-concern
Larotrectinib sulfate,3,Warnings & precautions,Ambiguous-DILI-concern
Lasmiditan succinate,0,No match,vNo-DILI-concern
L-Cysteine,3,Warnings & precautions,Ambiguous-DILI-concern
Lefamulin acetate,3,Adverse reactions,Ambiguous-DILI-concern
Leflunomide,8,Box warning,vMost-DILI-concern
Lemborexant,0,No match,vNo-DILI-concern
Lenalidomide,3,Warnings & precautions,vLess-DILI-concern
Lenvatinib mesylate,7,Warnings & precautions,Ambiguous-DILI-concern
Lepirudin,3,Adverse reactions,Ambiguous-DILI-concern
Letermovir,0,No match,vLess-DILI-concern
Letrozole,2,Warnings & precautions,vLess-DILI-concern
Leucovorin calcium,0,No match,vNo-DILI-concern
Leuprolide acetate,3,Adverse reactions,vLess-DILI-concern
Levamlodipine maleate,5,Adverse reactions,Ambiguous-DILI-concern
Levetiracetam,8,Adverse reactions,vLess-DILI-concern
Levocarnitine,0,No match,vNo-DILI-concern
Levocetirizine dihydrochloride,4,Adverse reactions,vLess-DILI-concern
Levofloxacin,8,Warnings & precautions,vMost-DILI-concern
Levoleucovorin,0,No match,vNo-DILI-concern
Levomefolate calcium,0,No match,vNo-DILI-concern
Levonorgestrel,0,No match,vNo-DILI-concern
Levorphanol tartrate,0,No match,vNo-DILI-concern
Levothyroxine sodium,3,Adverse reactions,vLess-DILI-concern
L-glutamine,3,Adverse reactions,Ambiguous-DILI-concern
Lidocaine,0,No match,vNo-DILI-concern
Linaclotide,0,No match,vNo-DILI-concern
Linagliptin,0,No match,vLess-DILI-concern
Lincomycin hydrochloride,3,Warnings & precautions,Ambiguous-DILI-concern
Linezolid,3,Adverse reactions,vLess-DILI-concern
Liothyronine sodium,0,No match,vNo-DILI-concern
Liraglutide,4,Adverse reactions,vLess-DILI-concern
Lisdexamfetamine dimesylate,3,Adverse reactions,Ambiguous-DILI-concern
Lisinopril,3,Adverse reactions,vLess-DILI-concern
Lofexidine hydrochloride,0,No match,vNo-DILI-concern
Lomefloxacin hydrochloride,4,Adverse reactions,Ambiguous-DILI-concern
Lomitapide mesylate,3,Box warning,vMost-DILI-concern
Lomustine,3,Warnings & precautions,vLess-DILI-concern
Lonafarnib,3,Warnings & precautions,Ambiguous-DILI-concern
Loperamide hydrochloride,0,No match,vNo-DILI-concern
Loracarbef,3,Adverse reactions,vLess-DILI-concern
Loratadine,0,No match,vNo-DILI-concern
Lorazepam,3,Warnings & precautions,vLess-DILI-concern
Lorlatinib,3,Adverse reactions,Ambiguous-DILI-concern
Losartan potassium,4,Adverse reactions,vLess-DILI-concern
Lovastatin,3,Warnings & precautions,vLess-DILI-concern
Loxapine succinate,5,Adverse reactions,Ambiguous-DILI-concern
Lubiprostone,0,No match,vNo-DILI-concern
Lumasiran sodium,0,No match,vNo-DILI-concern
Lumateperone tosylate,3,Adverse reactions,Ambiguous-DILI-concern
Lumiracoxib,8,Withdrawn,vMost-DILI-concern
Lurasidone hydrochloride,0,No match,vNo-DILI-concern
Lurbinectedin,3,Warnings & precautions,Ambiguous-DILI-concern
Lusutrombopag,0,No match,vNo-DILI-concern
Lutetium lu 177 dotatate,6,Warnings & precautions,Ambiguous-DILI-concern
Macimorelin acetate,0,No match,vNo-DILI-concern
Macitentan,7,Warnings & precautions,vMost-DILI-concern
Mannitol,0,No match,vNo-DILI-concern
Maprotiline hydrochloride,5,Adverse reactions,Ambiguous-DILI-concern
Maralixibat chloride,4,Warnings & precautions,Ambiguous-DILI-concern
Maraviroc,3,Box warning,vMost-DILI-concern
Maribavir,0,No match,vNo-DILI-concern
Mebanazine,8,Withdrawn,vMost-DILI-concern
Mebendazole,3,Warnings & precautions,vLess-DILI-concern
Mecamylamine hydrochloride,0,No match,vNo-DILI-concern
Mecasermin recombinant,3,Adverse reactions,Ambiguous-DILI-concern
Mechlorethamine hydrochloride,3,Warnings & precautions,Ambiguous-DILI-concern
Meclizine hydrochloride,0,No match,vNo-DILI-concern
Meclofenamate sodium,3,Warnings & precautions,Ambiguous-DILI-concern
Medroxyprogesterone acetate,2,Adverse reactions,Ambiguous-DILI-concern
Mefenamic acid,8,Warnings & precautions,vMost-DILI-concern
Mefloquine hydrochloride,7,Adverse reactions,vLess-DILI-concern
Megestrol acetate,1,Adverse reactions,Ambiguous-DILI-concern
Meloxicam,3,Warnings & precautions,vLess-DILI-concern
Melphalan,5,Adverse reactions,vLess-DILI-concern
Memantine hydrochloride,7,Adverse reactions,vLess-DILI-concern
Mepazine,8,Withdrawn,vMost-DILI-concern
Mepenzolate bromide,0,No match,vNo-DILI-concern
Meperidine hydrochloride,0,No match,vNo-DILI-concern
Mephenytoin,5,Adverse reactions,Ambiguous-DILI-concern
Mepivacaine hydrochloride,0,No match,vLess-DILI-concern
Meprobamate,0,No match,vNo-DILI-concern
Mercaptopurine,8,Warnings & precautions,vMost-DILI-concern
Meropenem,3,Warnings & precautions,vLess-DILI-concern
Mesalamine,7,Adverse reactions,vLess-DILI-concern
Mesna,3,Adverse reactions,Ambiguous-DILI-concern
Mesoridazine besylate,5,Adverse reactions,Ambiguous-DILI-concern
Metaproterenol sulfate,0,No match,vNo-DILI-concern
Metaxalone,5,Adverse reactions,vLess-DILI-concern
Metformin hydrochloride,0,No match,vLess-DILI-concern
Methadone hydrochloride,3,Adverse reactions,Ambiguous-DILI-concern
Methamphetamine hydrochloride,0,No match,vNo-DILI-concern
Methazolamide,7,Adverse reactions,vLess-DILI-concern
Methenamine hippurate,3,Warnings & precautions,Ambiguous-DILI-concern
Methimazole,8,Warnings & precautions,vMost-DILI-concern
Methionine,0,No match,vNo-DILI-concern
Methocarbamol,5,Adverse reactions,Ambiguous-DILI-concern
Methohexital sodium,3,Adverse reactions,Ambiguous-DILI-concern
Methotrexate sodium,3,Box warning,vMost-DILI-concern
Methoxsalen,3,Warnings & precautions,vLess-DILI-concern
Methscopolamine bromide,0,No match,vNo-DILI-concern
Methsuximide,0,No match,vNo-DILI-concern
Methyclothiazide,2,Adverse reactions,Ambiguous-DILI-concern
Methyldopa,8,Warnings & precautions,vMost-DILI-concern
Methylergonovine maleate,0,No match,vNo-DILI-concern
Methylnaltrexone bromide,0,No match,vNo-DILI-concern
Methylphenidate hydrochloride,3,Adverse reactions,vLess-DILI-concern
Methylprednisolone,3,Adverse reactions,vLess-DILI-concern
Methyltestosterone,2,Warnings & precautions,vLess-DILI-concern
Methysergide maleate,0,No match,vNo-DILI-concern
Metoclopramide hydrochloride,5,Adverse reactions,vLess-DILI-concern
Metolazone,3,Adverse reactions,Ambiguous-DILI-concern
Metoprolol succinate,3,Adverse reactions,Ambiguous-DILI-concern
Metoprolol tartrate,5,Adverse reactions,vLess-DILI-concern
Metronidazole,3,No match,vLess-DILI-concern
Metyrapone,0,No match,vNo-DILI-concern
Metyrosine,0,No match,vNo-DILI-concern
Mexiletine hydrochloride,3,Box warning,vMost-DILI-concern
Micafungin sodium,7,Warnings & precautions,vMost-DILI-concern
Midazolam hydrochloride,0,No match,vNo-DILI-concern
Midodrine hydrochloride,0,No match,vNo-DILI-concern
Midostaurin,4,Adverse reactions,Ambiguous-DILI-concern
Mifepristone,0,No match,vLess-DILI-concern
Migalastat hydrochloride,0,No match,vNo-DILI-concern
Miglitol,0,No match,vNo-DILI-concern
Miglustat,0,No match,vNo-DILI-concern
Milnacipran hydrochloride,7,Warnings & precautions,vMost-DILI-concern
Milrinone lactate,3,Adverse reactions,Ambiguous-DILI-concern
Miltefosine,4,Warnings & precautions,Ambiguous-DILI-concern
Minocycline hydrochloride,8,Warnings & precautions,vMost-DILI-concern
Minoxidil,0,No match,vNo-DILI-concern
Mirabegron,3,Adverse reactions,Ambiguous-DILI-concern
Mirtazapine,3,Warnings & precautions,vLess-DILI-concern
Misoprostol,3,Adverse reactions,Ambiguous-DILI-concern
Mitomycin,0,No match,vLess-DILI-concern
Mitotane,0,No match,vNo-DILI-concern
Mitoxantrone hydrochloride,3,Warnings & precautions,vLess-DILI-concern
Mivacurium chloride,0,No match,vNo-DILI-concern
Mobocertinib succinate,3,Adverse reactions,Ambiguous-DILI-concern
Modafinil,3,Warnings & precautions,vLess-DILI-concern
Moexipril hydrochloride,3,Adverse reactions,Ambiguous-DILI-concern
Monomethyl fumarate,4,Warnings & precautions,Ambiguous-DILI-concern
Montelukast sodium,3,Adverse reactions,vLess-DILI-concern
Moricizine hydrochloride,5,Adverse reactions,Ambiguous-DILI-concern
Morphine sulfate,0,No match,vNo-DILI-concern
Moxidectin,4,Adverse reactions,Ambiguous-DILI-concern
Moxifloxacin hydrochloride,8,Adverse reactions,vLess-DILI-concern
Moxisylyte,8,Withdrawn,vMost-DILI-concern
Muromonab-cd3,3,Warnings & precautions,Ambiguous-DILI-concern
Mycophenolate mofetil,3,Adverse reactions,vLess-DILI-concern
Mycophenolic sodium,3,Adverse reactions,Ambiguous-DILI-concern
Nabilone,0,No match,vNo-DILI-concern
Nabumetone,3,Warnings & precautions,Ambiguous-DILI-concern
Nadolol,3,Adverse reactions,Ambiguous-DILI-concern
Nafcillin sodium,3,Warnings & precautions,vLess-DILI-concern
Nalbuphine hydrochloride,0,No match,vNo-DILI-concern
Naldemedine tosylate,0,No match,vNo-DILI-concern
Nalidixic acid,3,Warnings & precautions,Ambiguous-DILI-concern
Nalmefene hydrochloride,3,Adverse reactions,Ambiguous-DILI-concern
Naloxegol oxalate,0,No match,vNo-DILI-concern
Naloxone hydrochloride,0,No match,vNo-DILI-concern
Naltrexone hydrochloride,3,Warnings & precautions,Ambiguous-DILI-concern
Nandrolone phenpropionate,7,Warnings & precautions,vMost-DILI-concern
Naproxen,3,Warnings & precautions,vLess-DILI-concern
Naratriptan hydrochloride,4,Adverse reactions,Ambiguous-DILI-concern
Natalizumab,5,Warnings & precautions,vMost-DILI-concern
Nateglinide,3,Adverse reactions,Ambiguous-DILI-concern
Nebivolol hydrochloride,3,Adverse reactions,Ambiguous-DILI-concern
Nefazodone hydrochloride,8,Box warning,vMost-DILI-concern
Nelarabine,4,Adverse reactions,vLess-DILI-concern
Nelfinavir mesylate,3,Adverse reactions,vLess-DILI-concern
Neomycin sulfate,0,No match,vNo-DILI-concern
Neratinib maleate,4,Warnings & precautions,Ambiguous-DILI-concern
Nesiritide,0,No match,vNo-DILI-concern
Nevirapine,8,Box warning,vMost-DILI-concern
Niacin,7,Warnings & precautions,vMost-DILI-concern
Nialamide,8,Withdrawn,vMost-DILI-concern
Nicardipine hydrochloride,3,Adverse reactions,Ambiguous-DILI-concern
Nifedipine,3,Warnings & precautions,vLess-DILI-concern
Nifurtimox,0,No match,vNo-DILI-concern
Nilotinib hydrochloride,4,Warnings & precautions,vMost-DILI-concern
Nilutamide,8,Warnings & precautions,vMost-DILI-concern
Nimesulide,8,Withdrawn,vMost-DILI-concern
Nimodipine,3,Adverse reactions,Ambiguous-DILI-concern
Nintedanib esylate,8,Warnings & precautions,vMost-DILI-concern
Niperotidine,8,Withdrawn,vMost-DILI-concern
Niraparib tosylate,3,Adverse reactions,Ambiguous-DILI-concern
Nisoldipine,3,Adverse reactions,Ambiguous-DILI-concern
Nitazoxanide,0,No match,vNo-DILI-concern
Nitisinone,7,Adverse reactions,Ambiguous-DILI-concern
Nitrefazole,8,Withdrawn,vMost-DILI-concern
Nitrofurantoin,8,Warnings & precautions,vMost-DILI-concern
Nitroglycerin,0,No match,vNo-DILI-concern
Nizatidine,5,Adverse reactions,vLess-DILI-concern
Nomifensine,8,Withdrawn,vMost-DILI-concern
Norepinephrine bitartrate,0,No match,vNo-DILI-concern
Norethindrone,3,Adverse reactions,Ambiguous-DILI-concern
Norethindrone acetate,0,No match,vNo-DILI-concern
Norfloxacin,3,Warnings & precautions,vLess-DILI-concern
Nortriptyline hydrochloride,8,Warnings & precautions,vMost-DILI-concern
Nusinersen sodium,0,No match,vNo-DILI-concern
Nystatin,0,No match,vNo-DILI-concern
Obeticholic acid,8,Box warning,vMost-DILI-concern
Octreotide acetate,2,Warnings & precautions,vLess-DILI-concern
Odevixibat,4,Warnings & precautions,Ambiguous-DILI-concern
Ofatumumab,0,No match,vNo-DILI-concern
Ofloxacin,3,Warnings & precautions,vLess-DILI-concern
Olanzapine,3,Adverse reactions,vLess-DILI-concern
Olaparib,0,No match,vLess-DILI-concern
Oliceridine,3,Adverse reactions,Ambiguous-DILI-concern
Olmesartan medoxomil,4,Adverse reactions,vLess-DILI-concern
Olsalazine sodium,8,Adverse reactions,vLess-DILI-concern
Omacetaxine mepesuccinate,4,Adverse reactions,Ambiguous-DILI-concern
Omadacycline tosylate,3,Adverse reactions,Ambiguous-DILI-concern
Omalizumab,0,No match,vNo-DILI-concern
Omeprazole,4,Adverse reactions,vLess-DILI-concern
Ondansetron hydrochloride,7,Adverse reactions,vLess-DILI-concern
Opicapone,0,No match,vNo-DILI-concern
Oprelvekin,0,No match,vNo-DILI-concern
Oritavancin diphosphate,4,Adverse reactions,Ambiguous-DILI-concern
Orlistat,8,Warnings & precautions,vMost-DILI-concern
Orphenadrine hydrochloride,0,No match,vNo-DILI-concern
Oseltamivir phosphate,3,Adverse reactions,vLess-DILI-concern
Osilodrostat phosphate,3,Adverse reactions,Ambiguous-DILI-concern
Osimertinib mesylate,4,Adverse reactions,vLess-DILI-concern
Ospemifene,0,No match,vNo-DILI-concern
Oxacillin sodium,3,Warnings & precautions,vLess-DILI-concern
Oxaliplatin,4,Warnings & precautions,vMost-DILI-concern
Oxandrolone,8,Box warning,vMost-DILI-concern
Oxaprozin,3,Warnings & precautions,vLess-DILI-concern
Oxazepam,5,Adverse reactions,Ambiguous-DILI-concern
Oxcarbazepine,3,Warnings & precautions,vLess-DILI-concern
Oxybutynin chloride,0,No match,vLess-DILI-concern
Oxycodone hydrochloride,0,No match,vLess-DILI-concern
Oxymetholone,7,Box warning,vMost-DILI-concern
Oxymorphone hydrochloride,0,No match,vNo-DILI-concern
Oxyphenisatin,8,Withdrawn,vMost-DILI-concern
Oxytetracycline,2,Warnings & precautions,Ambiguous-DILI-concern
Oxytocin,0,No match,vNo-DILI-concern
Ozanimod hydrochloride,3,Warnings & precautions,Ambiguous-DILI-concern
Paclitaxel,4,Adverse reactions,vLess-DILI-concern
Pafolacianine sodium,0,No match,vNo-DILI-concern
Pafuraidine,8,Discontinued,vMost-DILI-concern
Palbociclib,3,Adverse reactions,vLess-DILI-concern
Palifermin,0,No match,vNo-DILI-concern
Paliperidone,0,No match,vLess-DILI-concern
Palivizumab,0,No match,vNo-DILI-concern
Palonosetron hydrochloride,4,Adverse reactions,Ambiguous-DILI-concern
Pamabrom,0,No match,vNo-DILI-concern
Pamidronate disodium,3,Adverse reactions,Ambiguous-DILI-concern
Pancrelipase,0,No match,vNo-DILI-concern
Pancuronium bromide,0,No match,vNo-DILI-concern
Panitumumab,0,No match,vNo-DILI-concern
Panobinostat lactate,3,Warnings & precautions,Ambiguous-DILI-concern
Pantoprazole sodium,3,Adverse reactions,vLess-DILI-concern
Papaverine hydrochloride,5,Warnings & precautions,vMost-DILI-concern
Paricalcitol,3,Adverse reactions,Ambiguous-DILI-concern
Paromomycin sulfate,0,No match,vNo-DILI-concern
Paroxetine hydrochloride,8,Adverse reactions,vLess-DILI-concern
Pasireotide diaspartate,3,Warnings & precautions,Ambiguous-DILI-concern
Patiromer sorbitex calcium,0,No match,vNo-DILI-concern
Patisiran sodium,0,No match,vNo-DILI-concern
Pazopanib hydrochloride,8,Box warning,vMost-DILI-concern
Pegademase bovine,0,No match,vNo-DILI-concern
Pegaspargase,3,Adverse reactions,vLess-DILI-concern
Pegcetacoplan,0,No match,vNo-DILI-concern
Pegfilgrastim,0,No match,vNo-DILI-concern
Peginterferon alfa-2a,7,Warnings & precautions,Ambiguous-DILI-concern
Peginterferon alfa-2b,4,Warnings & precautions,vMost-DILI-concern
Pegvisomant,3,Warnings & precautions,Ambiguous-DILI-concern
Pemetrexed disodium,3,Adverse reactions,Ambiguous-DILI-concern
Pemigatinib,3,Adverse reactions,Ambiguous-DILI-concern
Pemoline,8,Withdrawn,vMost-DILI-concern
Penbutolol sulfate,0,No match,vNo-DILI-concern
Penicillamine,2,Warnings & precautions,vLess-DILI-concern
Penicillin g benzathine,3,Adverse reactions,vLess-DILI-concern
Penicillin v potassium,0,No match,vNo-DILI-concern
Pentagastrin,0,No match,vNo-DILI-concern
Pentamidine isethionate,3,Warnings & precautions,vLess-DILI-concern
Pentazocine lactate,0,No match,vNo-DILI-concern
Pentetate calcium trisodium yb-169,0,No match,vNo-DILI-concern
Pentobarbital sodium,3,Warnings & precautions,Ambiguous-DILI-concern
Pentosan polysulfate sodium,3,Adverse reactions,Ambiguous-DILI-concern
Pentostatin,3,Box warning,vMost-DILI-concern
Pentoxifylline,5,Adverse reactions,Ambiguous-DILI-concern
Peramivir,3,Adverse reactions,Ambiguous-DILI-concern
Perampanel,0,No match,vNo-DILI-concern
Perflutren,0,No match,vNo-DILI-concern
Pergolide mesylate,3,Adverse reactions,Ambiguous-DILI-concern
Perhexiline,8,Withdrawn,vMost-DILI-concern
Perindopril erbumine,3,Adverse reactions,Ambiguous-DILI-concern
Perphenazine,3,Warnings & precautions,vLess-DILI-concern
Pexidartinib hydrochloride,8,Box warning,vMost-DILI-concern
Phendimetrazine tartrate,0,No match,vNo-DILI-concern
Phenelzine sulfate,3,Adverse reactions,vLess-DILI-concern
Phenobarbital sodium,3,Warnings & precautions,vLess-DILI-concern
Phenoxybenzamine hydrochloride,0,No match,vNo-DILI-concern
Phenoxypropazine,8,Withdrawn,vMost-DILI-concern
Phentermine resin complex,0,No match,vLess-DILI-concern
Phentolamine mesylate,0,No match,vNo-DILI-concern
Phenytoin,8,Warnings & precautions,vMost-DILI-concern
Physostigmine salicylate,0,No match,vNo-DILI-concern
Phytonadione,0,No match,vNo-DILI-concern
Piflufolastat f-18,0,No match,vNo-DILI-concern
Pilocarpine,3,Adverse reactions,Ambiguous-DILI-concern
Pimavanserin tartrate,0,No match,vNo-DILI-concern
Pimozide,0,No match,vNo-DILI-concern
Pindolol,0,No match,vNo-DILI-concern
Pioglitazone hydrochloride,3,Warnings & precautions,vLess-DILI-concern
Pipamazine,8,Withdrawn,vMost-DILI-concern
Piperacillin sodium,3,Warnings & precautions,Ambiguous-DILI-concern
Pirfenidone,8,Warnings & precautions,vMost-DILI-concern
Piroxicam,3,Warnings & precautions,vLess-DILI-concern
Pirprofen,8,Withdrawn,vMost-DILI-concern
Pitavastatin calcium,3,Warnings & precautions,Ambiguous-DILI-concern
Pitolisant hydrochloride,0,No match,vNo-DILI-concern
Plazomicin sulfate,3,Adverse reactions,Ambiguous-DILI-concern
Plecanatide,3,Adverse reactions,Ambiguous-DILI-concern
Plerixafor,0,No match,vNo-DILI-concern
Polidocanol,0,No match,vNo-DILI-concern
Polyethylene glycol 3350,0,No match,vNo-DILI-concern
Polymyxin b sulfate,0,No match,vNo-DILI-concern
Polythiazide,2,Adverse reactions,Ambiguous-DILI-concern
Pomalidomide,8,Warnings & precautions,vMost-DILI-concern
Ponatinib hydrochloride,8,Warnings & precautions,Ambiguous-DILI-concern
Ponesimod,3,Adverse reactions,Ambiguous-DILI-concern
Porfimer sodium,0,No match,vNo-DILI-concern
Posaconazole,8,Warnings & precautions,vMost-DILI-concern
Pralatrexate,3,Warnings & precautions,Ambiguous-DILI-concern
Pralidoxime chloride,3,Adverse reactions,Ambiguous-DILI-concern
Pralnacasan,8,Discontinued,vMost-DILI-concern
Pralsetinib,3,Warnings & precautions,Ambiguous-DILI-concern
Pramipexole dihydrochloride,2,Adverse reactions,Ambiguous-DILI-concern
Pramlintide acetate,0,No match,vNo-DILI-concern
Prasugrel hydrochloride,0,No match,vLess-DILI-concern
Pravastatin sodium,3,Warnings & precautions,vLess-DILI-concern
Praziquantel,3,Warnings & precautions,Ambiguous-DILI-concern
Prazosin hydrochloride,3,Adverse reactions,Ambiguous-DILI-concern
Prednisolone,3,Adverse reactions,vLess-DILI-concern
Prednisone,3,Adverse reactions,vLess-DILI-concern
Pregabalin,0,No match,vLess-DILI-concern
Pretomanid,4,Adverse reactions,Ambiguous-DILI-concern
Primaquine phosphate,0,No match,vNo-DILI-concern
Primidone,0,No match,vNo-DILI-concern
Probenecid,6,Adverse reactions,Ambiguous-DILI-concern
Procainamide hydrochloride,4,Adverse reactions,vLess-DILI-concern
Procarbazine hydrochloride,3,Warnings & precautions,vLess-DILI-concern
Prochlorperazine maleate,2,Adverse reactions,vLess-DILI-concern
Procyclidine hydrochloride,0,No match,vNo-DILI-concern
Progesterone,2,Adverse reactions,vLess-DILI-concern
Promethazine hydrochloride,5,Adverse reactions,vLess-DILI-concern
Propafenone hydrochloride,3,Adverse reactions,vLess-DILI-concern
Propantheline bromide,0,No match,vNo-DILI-concern
Propofol,3,Adverse reactions,vLess-DILI-concern
Propoxyphene hydrochloride,3,Adverse reactions,vLess-DILI-concern
Propranolol hydrochloride,3,Warnings & precautions,Ambiguous-DILI-concern
Propylthiouracil,8,Box warning,vMost-DILI-concern
Protamine sulfate,0,No match,vNo-DILI-concern
Protirelin,0,No match,vNo-DILI-concern
Protriptyline hydrochloride,0,No match,vNo-DILI-concern
Prucalopride succinate,0,No match,vNo-DILI-concern
Pseudoephedrine hydrochloride,0,No match,vNo-DILI-concern
Pyrantel pamoate,0,No match,vNo-DILI-concern
Pyrazinamide,3,Warnings & precautions,vLess-DILI-concern
Pyridostigmine bromide,0,No match,vLess-DILI-concern
Pyridoxine hydrochloride,0,No match,vNo-DILI-concern
Pyrimethamine,3,Warnings & precautions,vLess-DILI-concern
Quazepam,0,No match,vNo-DILI-concern
Quetiapine fumarate,3,Warnings & precautions,vLess-DILI-concern
Quinapril hydrochloride,3,Adverse reactions,vLess-DILI-concern
Quinidine gluconate,3,Adverse reactions,vLess-DILI-concern
Quinine sulfate,3,Warnings & precautions,vLess-DILI-concern
Rabeprazole sodium,3,Adverse reactions,vLess-DILI-concern
Radium ra-223 dichloride,0,No match,vNo-DILI-concern
Raloxifene hydrochloride,0,No match,vLess-DILI-concern
Raltegravir potassium,7,Warnings & precautions,vMost-DILI-concern
Ramelteon,0,No match,vNo-DILI-concern
Ramipril,7,Adverse reactions,vLess-DILI-concern
Ranitidine hydrochloride,5,Adverse reactions,vLess-DILI-concern
Ranolazine,0,No match,vNo-DILI-concern
Rasagiline mesylate,3,Adverse reactions,Ambiguous-DILI-concern
Rasburicase,0,No match,vNo-DILI-concern
Regadenoson,0,No match,vNo-DILI-concern
Regorafenib,8,Box warning,vMost-DILI-concern
Relugolix,3,Adverse reactions,Ambiguous-DILI-concern
Remdesivir,3,Warnings & precautions,vLess-DILI-concern
Remifentanil hydrochloride,3,Adverse reactions,vLess-DILI-concern
Remimazolam besylate,0,No match,vNo-DILI-concern
Repaglinide,5,Adverse reactions,vLess-DILI-concern
Reserpine,0,No match,vNo-DILI-concern
Reteplase,0,No match,vNo-DILI-concern
Ribavirin,7,Adverse reactions,vLess-DILI-concern
Ribociclib succinate,4,Warnings & precautions,vMost-DILI-concern
Riboflavin 5'-phosphate,0,No match,vNo-DILI-concern
Rifabutin,5,Adverse reactions,vLess-DILI-concern
Rifampin,8,Warnings & precautions,vMost-DILI-concern
Rifamycin sodium,0,No match,vNo-DILI-concern
Rifapentine,4,Warnings & precautions,Ambiguous-DILI-concern
Rifaximin,7,Adverse reactions,Ambiguous-DILI-concern
Rilonacept,0,No match,vNo-DILI-concern
Rilpivirine hydrochloride,3,Warnings & precautions,vLess-DILI-concern
Riluzole,8,Warnings & precautions,vMost-DILI-concern
Rimantadine hydrochloride,0,No match,vNo-DILI-concern
Rimegepant sulfate,0,No match,vNo-DILI-concern
Riociguat,0,No match,vNo-DILI-concern
Ripretinib,4,Adverse reactions,Ambiguous-DILI-concern
Risdiplam,0,No match,vNo-DILI-concern
Risedronate sodium,3,Adverse reactions,Ambiguous-DILI-concern
Risperidone,3,Adverse reactions,vLess-DILI-concern
Ritonavir,8,Warnings & precautions,vMost-DILI-concern
Rivaroxaban,5,Adverse reactions,vLess-DILI-concern
Rivastigmine tartrate,3,Adverse reactions,vLess-DILI-concern
Rizatriptan benzoate,0,No match,vLess-DILI-concern
Rocuronium bromide,0,No match,vNo-DILI-concern
Roflumilast,0,No match,vNo-DILI-concern
Rolapitant hydrochloride,0,No match,vNo-DILI-concern
Romidepsin,0,No match,vNo-DILI-concern
Romiplostim,0,No match,vNo-DILI-concern
Ropinirole hydrochloride,4,Adverse reactions,vLess-DILI-concern
Rosiglitazone maleate,3,Warnings & precautions,vLess-DILI-concern
Rosuvastatin calcium,3,Warnings & precautions,vLess-DILI-concern
Rubidium chloride rb-82,0,No match,vNo-DILI-concern
Rucaparib camsylate,3,Adverse reactions,Ambiguous-DILI-concern
Rufinamide,3,Warnings & precautions,Ambiguous-DILI-concern
Ruxolitinib phosphate,3,Adverse reactions,Ambiguous-DILI-concern
Sacrosidase,3,Adverse reactions,Ambiguous-DILI-concern
Safinamide mesylate,0,No match,vNo-DILI-concern
Salsalate,3,Warnings & precautions,vLess-DILI-concern
Sapropterin dihydrochloride,0,No match,vNo-DILI-concern
Saquinavir mesylate,3,Warnings & precautions,vLess-DILI-concern
Sarecycline hydrochloride,0,No match,vNo-DILI-concern
Sargramostim,0,No match,vNo-DILI-concern
Saxagliptin hydrochloride,0,No match,vLess-DILI-concern
Scopolamine,0,No match,vNo-DILI-concern
Secnidazole,7,Adverse reactions,Ambiguous-DILI-concern
Secobarbital sodium,3,Warnings & precautions,Ambiguous-DILI-concern
Secretin synthetic human,0,No match,vNo-DILI-concern
Selegiline hydrochloride,0,No match,vNo-DILI-concern
Selenious acid,3,Warnings & precautions,Ambiguous-DILI-concern
Selexipag,0,No match,vNo-DILI-concern
Selinexor,4,Adverse reactions,Ambiguous-DILI-concern
Selpercatinib,3,Warnings & precautions,Ambiguous-DILI-concern
Selumetinib sulfate,3,Adverse reactions,Ambiguous-DILI-concern
Semaglutide,0,No match,vLess-DILI-concern
Sertraline hydrochloride,3,Adverse reactions,vLess-DILI-concern
Setmelanotide acetate,0,No match,vNo-DILI-concern
Sevelamer hydrochloride,0,No match,vNo-DILI-concern
Sibutramine hydrochloride,4,Adverse reactions,vLess-DILI-concern
Sildenafil citrate,3,Adverse reactions,vLess-DILI-concern
Silodosin,3,Adverse reactions,Ambiguous-DILI-concern
Simethicone-cellulose,0,No match,vNo-DILI-concern
Simvastatin,3,Warnings & precautions,vLess-DILI-concern
Sincalide,0,No match,vNo-DILI-concern
Siponimod,3,Warnings & precautions,Ambiguous-DILI-concern
Sirolimus,8,Adverse reactions,vLess-DILI-concern
Sitagliptin phosphate,4,Adverse reactions,vLess-DILI-concern
Sitaxsentan,8,Withdrawn,vMost-DILI-concern
Sodium bicarbonate,0,No match,vNo-DILI-concern
Sodium fluoride f-18,0,No match,vNo-DILI-concern
Sodium lactate,0,No match,vNo-DILI-concern
Sodium nitroprusside,0,No match,vNo-DILI-concern
Sodium oxybate,0,No match,vNo-DILI-concern
Sodium phenylbutyrate,4,Adverse reactions,Ambiguous-DILI-concern
Sodium polystyrene sulfonate,0,No match,vNo-DILI-concern
Sodium thiosulfate,0,No match,vNo-DILI-concern
Sodium zirconium cyclosilicate,0,No match,vNo-DILI-concern
Sofosbuvir,0,No match,vNo-DILI-concern
Solifenacin succinate,3,Adverse reactions,vLess-DILI-concern
Solriamfetol hydrochloride,0,No match,vNo-DILI-concern
Somatropin,0,No match,vNo-DILI-concern
Sonidegib phosphate,3,Adverse reactions,Ambiguous-DILI-concern
Sorafenib tosylate,8,Warnings & precautions,vMost-DILI-concern
Sorbitol,0,No match,vNo-DILI-concern
Sotalol hydrochloride,3,Adverse reactions,Ambiguous-DILI-concern
Sotorasib,3,Warnings & precautions,Ambiguous-DILI-concern
Spectinomycin hydrochloride,3,Adverse reactions,Ambiguous-DILI-concern
Spironolactone,2,Adverse reactions,vLess-DILI-concern
Stavudine,8,Box warning,vMost-DILI-concern
Sterile water,0,No match,vNo-DILI-concern
Stiripentol,0,No match,vNo-DILI-concern
Streptomycin sulfate,0,No match,vNo-DILI-concern
Streptozocin,3,Warnings & precautions,Ambiguous-DILI-concern
Succimer,2,Warnings & precautions,vLess-DILI-concern
Succinylcholine chloride,0,No match,vNo-DILI-concern
Sucralfate,0,No match,vNo-DILI-concern
Sufentanil citrate,0,No match,vNo-DILI-concern
Sugammadex sodium,0,No match,vNo-DILI-concern
suloctidil,8,Withdrawn,vMost-DILI-concern
Sulfacarbamide,8,Withdrawn,vMost-DILI-concern
Sulfadiazine,3,Adverse reactions,vLess-DILI-concern
Sulfamethizole,0,No match,vLess-DILI-concern
Sulfasalazine,5,Warnings & precautions,vMost-DILI-concern
Sulfathiazole,8,Withdrawn,vMost-DILI-concern
Sulindac,8,Warnings & precautions,vMost-DILI-concern
Sumatriptan succinate,3,Adverse reactions,Ambiguous-DILI-concern
Sunitinib malate,8,Box warning,vMost-DILI-concern
Suvorexant,0,No match,vNo-DILI-concern
Tacrolimus,5,Adverse reactions,vLess-DILI-concern
Tadalafil,3,Adverse reactions,vLess-DILI-concern
Tafamidis meglumine,0,No match,vNo-DILI-concern
Tafenoquine succinate,5,Adverse reactions,Ambiguous-DILI-concern
Talazoparib tosylate,3,Adverse reactions,Ambiguous-DILI-concern
Tamoxifen citrate,8,Warnings & precautions,vMost-DILI-concern
Tamsulosin hydrochloride,0,No match,vLess-DILI-concern
Tapentadol hydrochloride,0,No match,vNo-DILI-concern
Tasimelteon,3,Adverse reactions,Ambiguous-DILI-concern
Tasosartan,8,Discontinued,vMost-DILI-concern
Tazemetostat hydrobromide,3,Adverse reactions,Ambiguous-DILI-concern
Technetium tc-99m exametazime kit,0,No match,vNo-DILI-concern
Tecovirimat,0,No match,vNo-DILI-concern
Tedizolid phosphate,3,Adverse reactions,Ambiguous-DILI-concern
Tegaserod maleate,3,Adverse reactions,Ambiguous-DILI-concern
Telbivudine,2,Warnings & precautions,Ambiguous-DILI-concern
Telithromycin,8,Warnings & precautions,vMost-DILI-concern
Telmisartan,3,Adverse reactions,vLess-DILI-concern
Telotristat etiprate,3,Adverse reactions,Ambiguous-DILI-concern
Temazepam,3,Warnings & precautions,Ambiguous-DILI-concern
Temozolomide,4,Adverse reactions,vLess-DILI-concern
Temsirolimus,0,No match,vNo-DILI-concern
Tenapanor hydrochloride,0,No match,vNo-DILI-concern
Tenecteplase,0,No match,vNo-DILI-concern
Teniposide,3,Warnings & precautions,vLess-DILI-concern
Tenofovir disoproxil fumarate,3,Warnings & precautions,vLess-DILI-concern
Tepotinib hydrochloride,7,Warnings & precautions,Ambiguous-DILI-concern
Terazosin hydrochloride,0,No match,vNo-DILI-concern
Terbinafine hydrochloride,8,Warnings & precautions,vMost-DILI-concern
Terbutaline sulfate,3,Adverse reactions,vLess-DILI-concern
Teriflunomide,8,Box warning,vMost-DILI-concern
Teriparatide acetate,0,No match,vLess-DILI-concern
Testosterone enanthate,8,Warnings & precautions,vMost-DILI-concern
Tetrabamate,8,Withdrawn,vMost-DILI-concern
Tetrabenazine,3,Adverse reactions,Ambiguous-DILI-concern
Tetracycline phosphate complex,2,Warnings & precautions,vLess-DILI-concern
Thalidomide,4,Adverse reactions,vLess-DILI-concern
Theophylline sodium glycinate,0,No match,vNo-DILI-concern
Thiabendazole,7,Warnings & precautions,vMost-DILI-concern
Thiamine hydrochloride,0,No match,vNo-DILI-concern
Thioguanine,2,Warnings & precautions,vLess-DILI-concern
Thioridazine hydrochloride,5,Adverse reactions,vLess-DILI-concern
Thiotepa,3,Warnings & precautions,vLess-DILI-concern
Thiothixene,2,Warnings & precautions,Ambiguous-DILI-concern
Thyrotropin alfa,0,No match,vNo-DILI-concern
Tiagabine hydrochloride,3,Adverse reactions,Ambiguous-DILI-concern
Ticagrelor,0,No match,vNo-DILI-concern
Ticlopidine hydrochloride,4,Warnings & precautions,vMost-DILI-concern
Ticrynafen,8,Withdrawn,vMost-DILI-concern
Tigecycline,8,Warnings & precautions,vMost-DILI-concern
Tilbroquinol,8,Withdrawn,vMost-DILI-concern
Tiludronate disodium,0,No match,vNo-DILI-concern
Timolol maleate,5,Adverse reactions,Ambiguous-DILI-concern
Tinidazole,3,Adverse reactions,vLess-DILI-concern
Tinzaparin sodium,3,Adverse reactions,Ambiguous-DILI-concern
Tiopronin,3,Warnings & precautions,Ambiguous-DILI-concern
Tipranavir,8,Box warning,vMost-DILI-concern
Tirofiban hydrochloride,0,No match,vNo-DILI-concern
Tivozanib hydrochloride,4,Adverse reactions,Ambiguous-DILI-concern
Tizanidine hydrochloride,8,Warnings & precautions,vMost-DILI-concern
Tofacitinib citrate,3,Warnings & precautions,Ambiguous-DILI-concern
Tolazamide,2,Adverse reactions,vLess-DILI-concern
Tolbutamide,2,Adverse reactions,Ambiguous-DILI-concern
Tolcapone,8,Box warning,vMost-DILI-concern
Tolmetin sodium,3,Adverse reactions,vLess-DILI-concern
Tolrestat,8,Withdrawn,vMost-DILI-concern
Tolterodine tartrate,0,No match,vLess-DILI-concern
Tolvaptan,8,Warnings & precautions,vMost-DILI-concern
Topiramate,3,Adverse reactions,vLess-DILI-concern
Topotecan hydrochloride,0,No match,vNo-DILI-concern
Toremifene citrate,3,Warnings & precautions,Ambiguous-DILI-concern
Torsemide,2,Warnings & precautions,Ambiguous-DILI-concern
Trabectedin,7,Warnings & precautions,Ambiguous-DILI-concern
Tramadol hydrochloride,7,Adverse reactions,vLess-DILI-concern
Trametinib dimethyl sulfoxide,3,Adverse reactions,vLess-DILI-concern
Trandolapril,4,Adverse reactions,vLess-DILI-concern
Tranexamic acid,0,No match,vNo-DILI-concern
Tranylcypromine sulfate,3,Adverse reactions,vLess-DILI-concern
Trastuzumab,0,No match,vLess-DILI-concern
Trazodone hydrochloride,5,Adverse reactions,vLess-DILI-concern
Tretinoin,3,Warnings & precautions,vLess-DILI-concern
Triacetyldiphenolisatin,8,Withdrawn,vMost-DILI-concern
Triamterene,5,Adverse reactions,vLess-DILI-concern
Triazolam,4,Adverse reactions,Ambiguous-DILI-concern
Triclabendazole,5,Adverse reactions,Ambiguous-DILI-concern
Trientine hydrochloride,1,No match,vNo-DILI-concern
Trifluoperazine hydrochloride,2,Warnings & precautions,vLess-DILI-concern
Triheptanoin,0,No match,vNo-DILI-concern
Trihexyphenidyl hydrochloride,0,No match,vNo-DILI-concern
Trilaciclib dihydrochloride,3,Adverse reactions,Ambiguous-DILI-concern
Trimethadione,5,Warnings & precautions,Ambiguous-DILI-concern
Trimethobenzamide hydrochloride,5,Adverse reactions,Ambiguous-DILI-concern
Trimethoprim,4,Adverse reactions,vLess-DILI-concern
Trimetrexate glucuronate,3,Warnings & precautions,Ambiguous-DILI-concern
Trimipramine maleate,2,Adverse reactions,Ambiguous-DILI-concern
Triprolidine hydrochloride,0,No match,vNo-DILI-concern
Triptorelin pamoate,3,Adverse reactions,vLess-DILI-concern
Troglitazone,8,Withdrawn,vMost-DILI-concern
Tromethamine,6,Adverse reactions,Ambiguous-DILI-concern
Trospium chloride,0,No match,vNo-DILI-concern
Trovafloxacin mesylate,8,Withdrawn,vMost-DILI-concern
Tucatinib,4,Warnings & precautions,Ambiguous-DILI-concern
Tyramine,0,No match,vNo-DILI-concern
Ubrogepant,0,No match,vNo-DILI-concern
Ulipristal acetate,0,No match,vLess-DILI-concern
Umbralisib tosylate,3,Warnings & precautions,Ambiguous-DILI-concern
Umeclidinium bromide,0,No match,vNo-DILI-concern
Upadacitinib,3,Warnings & precautions,Ambiguous-DILI-concern
Uridine triacetate,0,No match,vNo-DILI-concern
Urofollitropin,0,No match,vNo-DILI-concern
Urokinase,0,No match,vNo-DILI-concern
Ursodiol,0,Warnings & precautions,Ambiguous-DILI-concern
Ustekinumab,0,No match,vLess-DILI-concern
Valaciclovir,3,Adverse reactions,vLess-DILI-concern
Valbenazine tosylate,4,Adverse reactions,Ambiguous-DILI-concern
Valdecoxib,3,Warnings & precautions,vLess-DILI-concern
Valganciclovir hydrochloride,3,Adverse reactions,Ambiguous-DILI-concern
Valproic acid,8,Box warning,vMost-DILI-concern
Valsartan,3,Adverse reactions,vLess-DILI-concern
Vancomycin hydrochloride,0,No match,vLess-DILI-concern
Vandetanib,3,Adverse reactions,Ambiguous-DILI-concern
Vardenafil hydrochloride,3,Adverse reactions,Ambiguous-DILI-concern
Varenicline tartrate,2,Adverse reactions,vLess-DILI-concern
Vecuronium bromide,0,No match,vNo-DILI-concern
Vemurafenib,3,Warnings & precautions,vLess-DILI-concern
Venetoclax,3,Adverse reactions,vLess-DILI-concern
Venlafaxine hydrochloride,7,Adverse reactions,vLess-DILI-concern
Verapamil hydrochloride,3,Warnings & precautions,vLess-DILI-concern
Vericiguat,0,No match,vNo-DILI-concern
Verteporfin,3,Adverse reactions,Ambiguous-DILI-concern
Vibegron,0,No match,vNo-DILI-concern
Vigabatrin,2,Adverse reactions,Ambiguous-DILI-concern
Vilazodone hydrochloride,0,No match,vNo-DILI-concern
Viloxazine hydrochloride,0,No match,vNo-DILI-concern
Viltolarsen,0,No match,vNo-DILI-concern
Vinblastine sulfate,0,No match,vLess-DILI-concern
Vincristine sulfate,8,Adverse reactions,vLess-DILI-concern
Vinorelbine tartrate,3,Adverse reactions,Ambiguous-DILI-concern
Vismodegib,3,Adverse reactions,Ambiguous-DILI-concern
Vitamin A palmitate,3,Warnings & precautions,vLess-DILI-concern
Vitamin C,0,No match,vNo-DILI-concern
Vitamin E,0,No match,vNo-DILI-concern
Voclosporin,0,No match,vNo-DILI-concern
Vorapaxar sulfate,0,No match,vNo-DILI-concern
Voriconazole,8,Warnings & precautions,vMost-DILI-concern
Vorinostat,0,No match,vNo-DILI-concern
Vortioxetine hydrobromide,0,No match,vLess-DILI-concern
Vosoritide,0,No match,vNo-DILI-concern
Voxelotor,0,No match,vNo-DILI-concern
Warfarin sodium,5,Adverse reactions,vLess-DILI-concern
Xenazoic acid,8,Withdrawn,vMost-DILI-concern
Ximelagatran,8,Withdrawn,vMost-DILI-concern
Zafirlukast,8,Warnings & precautions,vMost-DILI-concern
Zaleplon,0,No match,vNo-DILI-concern
Zanubrutinib,4,Adverse reactions,vMost-DILI-concern
Zidovudine,8,Box warning,vMost-DILI-concern
Zileuton,5,Warnings & precautions,vMost-DILI-concern
Zimelidine,8,Withdrawn,vMost-DILI-concern
Ziprasidone hydrochloride,3,Adverse reactions,vLess-DILI-concern
Zoledronic acid,0,No match,vLess-DILI-concern
Zolmitriptan,3,Adverse reactions,Ambiguous-DILI-concern
Zolpidem tartrate,7,Adverse reactions,Ambiguous-DILI-concern
Zonisamide,2,Adverse reactions,vLess-DILI-concern
